Id,Title,Description,IsCompleted,CreatedAt,UpdatedAt
3,Meeting,Morning @ 10.00 AM,0,2024-07-04 17:50:05.787,2024-07-05 09:47:17.610
4,Task 4,Description for task 4,1,2024-07-04 17:50:05.787,2024-07-04 17:50:05.787
5,Task 5,Description for task 5,0,2024-07-04 17:50:05.787,2024-07-04 17:50:05.787
6,Task 6,Description for task 6,1,2024-07-04 17:50:05.787,2024-07-04 17:50:05.787
7,Task 7,Description for task 7,0,2024-07-04 17:50:05.787,2024-07-04 17:50:05.787
8,Task 8,Description for task 8,1,2024-07-04 17:50:05.787,2024-07-04 17:50:05.787
9,Task 9,Description for task 9,0,2024-07-04 17:50:05.787,2024-07-04 17:50:05.787
10,Task 10,Description for task 10,1,2024-07-04 17:50:05.787,2024-07-04 17:50:05.787
11,Task 11,Description for task 11,0,2024-07-04 17:50:05.787,2024-07-04 17:50:05.787
12,Task 12,Description for task 12,1,2024-07-04 17:50:05.787,2024-07-04 17:50:05.787
13,Task 13,Description for task 13,0,2024-07-04 17:50:05.787,2024-07-04 17:50:05.787
14,Task 14,Description for task 14,1,2024-07-04 17:50:05.787,2024-07-04 17:50:05.787
15,Task 15,Description for task 15,0,2024-07-04 17:50:05.787,2024-07-04 17:50:05.787
16,Task 16,Description for task 16,1,2024-07-04 17:50:05.787,2024-07-04 17:50:05.787
17,Task 17,Description for task 17,0,2024-07-04 17:50:05.787,2024-07-04 17:50:05.787
18,Task 18,Description for task 18,1,2024-07-04 17:50:05.787,2024-07-04 17:50:05.787
19,Task 19,Description for task 19,0,2024-07-04 17:50:05.787,2024-07-04 17:50:05.787
20,Task 20,Description for task 20,1,2024-07-04 17:50:05.787,2024-07-04 17:50:05.787
